Player,Age,Pos,G,GS,MP,FG,FGA,FG%,3P,3PA,3P%,2P,2PA,2P%,eFG%,FT,FTA,FT%,ORB,DRB,TRB,AST,STL,BLK,TOV,PF,PTS,
Giannis Antetokounmpo,30,PF,49,49,33.9,12.2,20.2,0.605,0.2,0.9,0.19,12.1,19.3,0.623,0.609,6.2,10.3,0.596,2.3,9.9,12.1,5.9,0.8,1.2,3.3,2.5,30.8,
Nikola Jokić,29,C,56,56,36.1,11,19.1,0.576,1.9,4.4,0.439,9.1,14.7,0.618,0.627,4.9,6,0.819,2.9,9.9,12.8,10.4,1.8,0.6,3.3,2.2,28.8,
Jayson Tatum,26,PF,58,58,36.5,9.1,20.1,0.452,3.6,10.1,0.352,5.6,10,0.553,0.541,5,6.3,0.802,0.7,8.2,8.8,5.8,1.1,0.5,2.9,2.2,26.8,
Anthony Davis,31,PF,43,43,34.2,9.5,18,0.528,0.7,2.2,0.313,8.8,15.8,0.559,0.548,6,7.6,0.786,2.9,9.1,12,3.4,1.3,2.2,2.2,1.9,25.7,
Anthony Davis,31,C,42,42,34.3,9.5,18,0.528,0.7,2.2,0.298,8.9,15.8,0.56,0.546,6,7.6,0.788,2.8,9,11.9,3.4,1.3,2.1,2.2,2,25.7,
Zion Williamson,24,PF,24,24,28.3,9.8,17.2,0.573,0.1,0.5,0.231,9.7,16.6,0.584,0.576,5,8,0.634,2.7,4.6,7.3,5.2,1.3,0.9,2.9,2.7,24.8,
Karl-Anthony Towns,29,C,54,54,35.1,8.9,16.7,0.53,2,4.8,0.425,6.8,11.9,0.572,0.591,4.7,5.6,0.836,3.1,10.3,13.4,3.1,1,0.8,2.6,3.5,24.5,
Joel Embiid,30,C,19,19,30.2,7.4,16.6,0.444,1.2,4.1,0.299,6.2,12.5,0.492,0.481,7.8,8.9,0.882,1.9,6.3,8.2,4.5,0.7,0.9,3.3,2.2,23.8,
Jaren Jackson Jr.,25,C,59,59,29.4,8.2,16.5,0.497,1.9,5.2,0.365,6.3,11.3,0.558,0.555,4.5,5.8,0.772,1.3,4.5,5.8,2.1,1.3,1.6,2.2,3.4,22.7,
Pascal Siakam,30,PF,60,60,32.9,7.9,15.2,0.521,1.7,4.3,0.402,6.2,10.9,0.567,0.577,3,4.1,0.743,1.7,5.5,7.2,3.3,0.9,0.5,1.3,2.6,20.6,
Miles Bridges,26,PF,47,47,32.2,7.4,17,0.433,2.2,6.9,0.319,5.1,10.1,0.511,0.498,3.3,3.8,0.867,1.1,6.6,7.8,3.8,0.7,0.7,2.1,1.6,20.3,
Scottie Barnes,23,PF,48,48,34.5,7.5,16.6,0.45,1.3,4.8,0.268,6.2,11.9,0.523,0.488,3.5,4.5,0.779,1.6,6.2,7.8,6.1,1.5,1.1,2.9,2,19.8,
Domantas Sabonis,28,C,56,56,35.3,7.7,12.9,0.596,1,2.4,0.432,6.7,10.5,0.632,0.635,3.2,4.2,0.747,3.9,10.2,14.1,6.2,0.6,0.4,3,3.4,19.5,
Lauri Markkanen,27,PF,43,43,32.1,6.4,15,0.425,2.9,8.4,0.347,3.4,6.5,0.527,0.523,3.6,4.2,0.872,1.7,4.5,6.1,1.6,0.8,0.4,1.4,1.8,19.3,
Kristaps Porziņģis,29,C,32,32,28.9,6.4,13.6,0.474,2.4,6,0.403,4,7.6,0.529,0.562,3.7,4.5,0.813,1.6,5.2,6.8,1.9,0.8,1.6,1.2,2.8,18.9,
Julius Randle,30,PF,51,51,32.6,6.6,14,0.472,1.5,4.6,0.318,5.1,9.4,0.548,0.525,4.3,5.2,0.819,2.2,5,7.2,4.5,0.7,0.2,2.8,2.5,18.9,
Cameron Johnson,28,PF,46,46,31.7,6.2,13.1,0.473,3,7.4,0.398,3.2,5.7,0.571,0.585,3.5,3.8,0.898,0.8,3.2,4.1,3,0.9,0.5,1.7,1.8,18.8,
John Collins,27,PF,38,29,30.5,6.8,12.9,0.532,1.5,3.5,0.418,5.4,9.3,0.575,0.589,3.5,4.1,0.852,2.2,6,8.2,2.1,1,1.1,2.6,2.9,18.6,
Evan Mobley,23,PF,55,55,30.1,7.2,12.6,0.569,1.1,2.9,0.367,6.1,9.7,0.628,0.61,3.2,4.3,0.741,2.3,7,9.3,3.1,0.8,1.6,2,2.1,18.6,
Bam Adebayo,27,C,59,59,34.3,6.8,13.9,0.489,0.8,2.6,0.312,6,11.3,0.53,0.518,3.1,4.2,0.748,2.5,7.4,10,4.3,1.2,0.7,2.2,2.2,17.5,
OG Anunoby,27,PF,55,55,36.5,6.1,12.9,0.477,2.2,5.9,0.366,4,7,0.57,0.561,2,2.5,0.796,1.3,3.4,4.7,2.1,1.4,0.9,1.3,2.3,16.4,
Ivica Zubac,27,C,60,60,32.2,7,11.3,0.621,0,0,,7,11.3,0.621,0.621,1.8,2.8,0.643,3.7,8.8,12.5,2.5,0.8,1.2,1.7,2.2,15.9,
Myles Turner,28,C,53,53,30.8,5.5,11.5,0.475,2.2,5.5,0.408,3.2,6,0.536,0.572,2.3,3.1,0.765,1.2,5.3,6.5,1.6,0.8,1.9,1.8,2.7,15.5,
Mark Williams,23,C,30,27,25.7,6.1,10.4,0.585,0,0,0,6.1,10.4,0.587,0.585,3.3,4.2,0.778,3.1,6.8,9.9,2.3,0.6,1.2,1.2,2.5,15.5,
Kyle Kuzma,29,PF,44,41,29.3,5.8,13.7,0.427,1.4,4.8,0.292,4.4,8.9,0.5,0.478,2.1,3.3,0.63,0.8,5.4,6.2,2.5,0.6,0.2,2.3,1.7,15.2,
Kyle Kuzma,29,PF,32,30,27.7,6,14.2,0.42,1.4,5,0.281,4.6,9.2,0.495,0.469,1.8,3.1,0.602,0.8,4.9,5.8,2.5,0.6,0.2,2.3,1.6,15.2,
Deandre Ayton,26,C,40,40,30.2,6.6,11.7,0.566,0.2,0.8,0.188,6.5,10.9,0.594,0.573,1,1.5,0.667,3.1,7.1,10.2,1.6,0.8,1,1.7,2.2,14.4,
Jerami Grant,30,PF,45,45,32.5,4.6,12.3,0.373,2.3,6.2,0.366,2.3,6.1,0.381,0.466,3,3.5,0.843,0.6,2.9,3.5,2.2,0.9,1,1.4,2.3,14.4,
Jakob Poeltl,29,C,49,48,30.3,6.1,10,0.612,0,0,0,6.1,10,0.614,0.612,1.8,2.7,0.672,3.4,6.4,9.8,2.8,1.2,1.2,1.9,3.3,14.1,
P.J. Washington,26,PF,47,46,32.2,5,11.6,0.432,1.6,4.2,0.374,3.4,7.4,0.466,0.5,2.4,3.2,0.74,1.6,6.5,8.1,2.3,1.2,1.1,1.9,2.4,14,
Tobias Harris,32,PF,59,59,32,5.3,11.2,0.473,1.3,3.7,0.338,4.1,7.5,0.54,0.529,1.9,2.2,0.878,0.9,5,5.9,2.3,0.9,0.8,1.1,1.9,13.8,
Bobby Portis,29,PF,46,7,25.2,5.6,12.1,0.463,1.3,3.6,0.364,4.3,8.5,0.505,0.517,1.2,1.5,0.821,1.8,6.5,8.3,2.2,0.7,0.5,1.2,1.9,13.7,
Jarrett Allen,26,C,62,62,28.5,5.5,7.8,0.707,0,0,0,5.5,7.8,0.712,0.707,2.4,3.2,0.746,2.7,7.6,10.3,2,0.9,0.9,1.2,1.5,13.4,
Rui Hachimura,26,PF,50,50,32.1,5.1,10,0.506,1.7,4.1,0.41,3.4,5.9,0.573,0.59,1.5,2,0.765,1.5,3.8,5.2,1.5,0.8,0.5,0.9,1.8,13.3,
Aaron Gordon,29,PF,36,27,27,4.6,9.1,0.511,1.2,2.9,0.415,3.4,6.1,0.557,0.578,2.4,3,0.796,1.6,3.3,4.9,3.1,0.5,0.3,1.3,1.6,12.9,
Moritz Wagner,27,C,30,1,18.8,4.7,8.3,0.562,0.9,2.5,0.36,3.8,5.8,0.649,0.616,2.6,3.7,0.718,1.3,3.6,4.9,1.4,0.8,0.4,1.6,1.8,12.9,
Santi Aldama,24,PF,52,12,25.1,5,10.3,0.487,1.8,4.9,0.376,3.2,5.4,0.588,0.577,0.9,1.3,0.7,1.6,5.1,6.7,2.8,0.8,0.6,1,1,12.8,
Jaden McDaniels,24,PF,64,64,32.5,4.9,10.3,0.476,1.3,3.9,0.329,3.6,6.4,0.566,0.539,1.4,1.7,0.833,1.6,4.3,5.9,2,1.5,0.9,1.2,2.9,12.5,
Onyeka Okongwu,24,C,55,21,26.2,5,8.7,0.572,0.5,1.6,0.281,4.5,7.1,0.638,0.598,2,2.8,0.723,2.9,5.3,8.2,2.2,0.8,0.9,1.1,2.4,12.5,
Daniel Gafford,26,C,51,28,21.9,5,7.1,0.699,0,0,,5,7.1,0.699,0.699,2.4,3.4,0.699,2.7,4.1,6.9,1.4,0.4,1.9,1.2,2.7,12.3,
Keegan Murray,24,PF,58,58,34.5,4.7,10.7,0.443,1.9,5.7,0.334,2.8,5,0.566,0.532,0.9,1.1,0.825,2,4.8,6.8,1.4,0.8,0.9,0.9,2.5,12.2,
Tari Eason,23,PF,40,6,24.4,4.6,9.4,0.485,1.1,3.1,0.361,3.5,6.4,0.545,0.544,1.5,1.9,0.753,2.3,4.1,6.4,1.3,1.9,0.9,1.1,2.5,11.7,
Walker Kessler,23,C,47,47,30.4,5,6.9,0.727,0,0.1,0.333,4.9,6.7,0.734,0.73,1.5,2.7,0.548,4.5,7.6,12.1,1.6,0.6,2.3,1.5,2.2,11.5,
Harrison Barnes,32,PF,60,60,27.4,3.9,8,0.489,1.7,4,0.417,2.2,4,0.561,0.593,1.9,2.4,0.795,1.3,2.6,3.9,1.8,0.3,0.2,0.6,0.9,11.4,
Jonas Valančiūnas,32,C,60,14,19.7,4.6,8.4,0.549,0.1,0.5,0.276,4.5,7.9,0.566,0.557,1.9,2.2,0.878,2.5,5.5,8,2.1,0.5,0.6,1.6,2.1,11.2,
Jonas Valančiūnas,32,C,49,12,20.1,4.7,8.6,0.547,0.1,0.6,0.259,4.6,8.1,0.567,0.556,1.9,2.2,0.896,2.4,5.8,8.2,2.2,0.4,0.6,1.8,2,11.5,
Rudy Gobert,32,C,55,55,33.3,4.3,6.5,0.653,0,0,,4.3,6.5,0.653,0.653,2.4,3.6,0.68,3.5,6.9,10.4,1.8,0.7,1.5,1.4,2.4,11,
Isaiah Hartenstein,26,C,42,40,28.2,4.8,8.3,0.571,0,0.3,0,4.8,8,0.595,0.571,1.4,2.1,0.655,3,8.3,11.3,4,0.8,1.1,1.7,3,10.9,
Guerschon Yabusele,29,C,57,30,26.6,4,7.8,0.509,1.5,3.9,0.4,2.4,3.9,0.616,0.608,1.4,1.8,0.743,1.9,3.6,5.5,2,0.8,0.4,1.2,2.4,10.8,
Toumani Camara,24,PF,61,61,32.6,4,8.6,0.461,1.5,4.1,0.372,2.4,4.5,0.544,0.55,1.2,1.6,0.765,2.3,3.6,5.9,2.1,1.5,0.6,1.5,3,10.7,
Grant Williams,26,PF,16,7,29.9,3.4,7.7,0.439,1.7,4.6,0.365,1.7,3.1,0.551,0.549,1.9,2.3,0.838,1.1,4,5.1,2.3,1.1,0.8,1.8,2.9,10.4,
Nic Claxton,25,C,53,45,26.9,4.4,8.2,0.54,0,0.3,0.067,4.4,7.9,0.557,0.541,1.3,2.4,0.532,2.2,5.2,7.4,2.1,0.9,1.5,1.2,2.1,10.2,
Obi Toppin,26,PF,57,0,19.2,3.9,7.3,0.537,1.2,3.5,0.347,2.7,3.7,0.718,0.622,1.1,1.4,0.8,0.7,3.4,4.1,1.5,0.6,0.3,0.8,1.4,10.2,
Chris Boucher,32,PF,50,0,17.2,3.6,7.4,0.492,1.4,3.9,0.363,2.2,3.5,0.633,0.586,1.4,1.7,0.782,1.4,3.1,4.5,0.7,0.5,0.5,0.6,1.4,10,
Georges Niang,31,PF,60,2,21.6,3.5,7.5,0.463,2,4.9,0.399,1.5,2.6,0.583,0.594,0.5,0.7,0.8,0.7,3.2,3.8,1.4,0.4,0.2,0.9,2.6,9.4,
Georges Niang,31,PF,51,1,20.6,3.3,6.8,0.477,1.8,4.4,0.4,1.5,2.4,0.618,0.606,0.5,0.6,0.793,0.7,3,3.7,1.3,0.3,0.1,0.9,2.5,8.7,
Jalen Wilson,24,PF,60,15,26.8,3.1,7.9,0.395,1.4,4.5,0.315,1.7,3.4,0.5,0.484,1.7,2,0.826,1.1,2.4,3.4,1.9,0.5,0.1,1.1,2.2,9.3,
Trendon Watford,24,PF,25,0,18.1,3.3,7.3,0.456,0.6,1.8,0.304,2.8,5.4,0.507,0.495,2,2.5,0.794,0.7,2.7,3.4,2.1,0.7,0.2,1.6,2.3,9.2,
Nick Richards,27,C,43,30,22.1,3.4,5.7,0.587,0,0,0,3.4,5.7,0.592,0.587,2.4,3.3,0.73,2.5,6.1,8.6,1,0.3,1.1,1.4,2.5,9.1,
Nick Richards,27,C,21,9,21,3,5.4,0.561,0,0,0,3,5.4,0.566,0.561,2.8,4.1,0.678,2.4,5.1,7.5,1.3,0.3,1.2,1.6,2.3,8.9,
Nick Richards,27,C,22,21,23.3,3.7,6,0.609,0,0,0,3.7,6,0.614,0.609,2,2.5,0.815,2.5,7,9.6,0.6,0.2,0.9,1.3,2.7,9.4,
Patrick Williams,23,PF,45,35,26.2,3.2,8.6,0.375,1.6,4.5,0.351,1.6,4.1,0.4,0.466,1.1,1.4,0.769,0.8,3.3,4,2,0.8,0.6,1.3,1.3,9.1,
Clint Capela,30,C,52,41,21.7,4,7.1,0.565,0,0,0,4,7.1,0.566,0.565,1,1.9,0.536,3.2,5.4,8.6,1.2,0.6,1,0.9,2,9,
Wendell Carter Jr.,25,C,50,33,25.4,3.2,7,0.458,0.4,2.1,0.206,2.8,4.8,0.57,0.49,2,2.7,0.723,2.1,5.4,7.5,2.2,0.8,0.5,1.2,2.9,8.8,
Larry Nance Jr.,32,PF,24,3,19.3,3.3,6.5,0.516,1.4,3.2,0.447,1.9,3.3,0.582,0.626,0.4,0.5,0.692,1,3.3,4.3,1.6,0.8,0.5,0.7,1.5,8.5,
Dorian Finney-Smith,31,PF,45,29,27.8,3,6.7,0.449,1.9,4.6,0.402,1.2,2.1,0.553,0.587,0.5,0.7,0.667,1.4,2.6,4,1.4,0.9,0.3,0.9,2.2,8.4,
Dorian Finney-Smith,31,PF,20,20,29,3.7,8,0.459,2.4,5.4,0.435,1.3,2.6,0.51,0.607,0.8,1.2,0.625,1.6,3,4.6,1.6,0.9,0.6,0.9,2.7,10.4,
Dorian Finney-Smith,31,PF,25,9,26.9,2.5,5.8,0.438,1.5,4,0.366,1,1.7,0.605,0.566,0.3,0.4,0.778,1.2,2.3,3.6,1.2,1,0.1,0.9,1.8,6.8,
Jalen Smith,24,C,54,1,15.1,3,6.3,0.475,1.2,3.5,0.353,1.8,2.8,0.629,0.573,1.2,1.4,0.831,1.4,4.1,5.5,0.9,0.3,0.7,0.6,1.5,8.4,
Quinten Post,24,PF,24,8,15.3,3,6.4,0.468,1.7,3.9,0.426,1.3,2.5,0.533,0.597,0.6,0.6,0.933,1,2.8,3.8,1.5,0.4,0.3,0.8,1.9,8.3,
Day'Ron Sharpe,23,C,39,1,17.7,3.4,6.4,0.528,0.2,0.9,0.25,3.2,5.5,0.575,0.546,1.3,1.7,0.773,3,3.5,6.5,1.7,0.8,0.8,1.4,2.5,8.3,
Jusuf Nurkić,30,C,32,26,22.3,2.8,6.4,0.446,0.7,2.4,0.276,2.2,4,0.547,0.498,1.9,2.7,0.69,1.9,6.9,8.8,2.3,1,0.7,2.2,2.8,8.2,
Jusuf Nurkić,30,C,25,23,23.7,3,6.5,0.454,0.8,2.4,0.322,2.2,4.2,0.529,0.512,1.9,2.8,0.696,1.8,7.3,9.2,1.9,0.9,0.6,2.3,3.1,8.6,
Brandon Clarke,28,PF,57,18,19,3.6,5.9,0.619,0,0.3,0.059,3.6,5.6,0.649,0.621,0.9,1.3,0.685,2,3.2,5.1,1,0.8,0.5,0.6,2.3,8.2,
Kelly Olynyk,33,C,30,8,17.8,2.8,5.7,0.5,0.8,1.9,0.431,2,3.7,0.536,0.574,1.6,2,0.787,1.3,3.3,4.6,2.5,0.6,0.3,1.5,2.5,8.1,
Kelly Olynyk,33,C,24,2,16,2.5,4.9,0.5,0.8,1.8,0.442,1.7,3.1,0.533,0.581,1.4,1.8,0.791,1,2.7,3.7,2.3,0.7,0.3,1.5,2.5,7.1,
Goga Bitadze,25,C,52,41,22.7,3.4,5.5,0.62,0,0.4,0.091,3.3,5,0.664,0.623,1.3,2,0.631,2.6,5,7.5,2.1,0.8,1.6,1.2,2.2,8.1,
Bol Bol,25,PF,26,7,13.7,3,5.7,0.527,1,2.9,0.342,2,2.8,0.722,0.615,0.7,0.9,0.75,0.6,2.8,3.3,0.6,0.2,0.9,0.6,0.6,7.7,
Sam Hauser,27,PF,53,12,20.7,2.7,6.1,0.439,2.1,5.2,0.398,0.6,0.9,0.681,0.609,0.1,0.1,1,0.7,2.4,3.1,0.9,0.6,0.2,0.4,1.2,7.5,
Andre Drummond,31,C,37,20,18.7,2.9,5.7,0.514,0.1,0.4,0.125,2.9,5.3,0.546,0.519,1.5,2.4,0.614,2.7,5.2,7.9,0.8,1,0.4,1.4,2.4,7.4,
Richaun Holmes,31,PF,23,7,17.8,2.9,4.1,0.695,0,0.1,0,2.9,4,0.717,0.695,1.7,2,0.83,1.7,3.9,5.6,1.4,0.2,0.8,0.8,1.6,7.4,
Trayce Jackson-Davis,24,C,51,37,17.9,3.2,5.5,0.573,0,0,0,3.2,5.5,0.575,0.573,1,1.7,0.605,2.2,3.5,5.7,1.9,0.4,0.7,0.8,1.3,7.3,
Thomas Bryant,27,C,44,5,15.1,2.7,5,0.536,0.8,2.2,0.368,1.9,2.9,0.661,0.615,0.8,0.9,0.825,1.5,2.7,4.1,1.1,0.4,0.6,0.5,1.1,7,
Thomas Bryant,27,C,34,5,16.2,3.1,5.7,0.552,0.9,2.3,0.372,2.3,3.4,0.672,0.626,0.6,0.9,0.759,1.7,2.7,4.4,1.3,0.5,0.5,0.6,1.2,7.8,
Jay Huff,26,C,49,1,11.8,2.4,4.7,0.522,1.3,3.1,0.418,1.1,1.6,0.727,0.661,0.8,1,0.771,0.5,1.5,2,0.6,0.2,0.9,0.6,1.3,7,
Precious Achiuwa,25,C,39,8,22.5,2.9,5.7,0.52,0.2,0.7,0.31,2.7,4.9,0.552,0.541,0.8,1.3,0.62,2.2,4,6.2,1.1,0.9,0.8,0.8,1.6,6.9,
KJ Martin,24,PF,32,13,21.3,2.8,4.6,0.603,0.4,1.2,0.342,2.3,3.4,0.694,0.647,0.9,1.2,0.744,0.8,2.3,3.1,0.9,0.5,0.6,0.6,2.4,6.8,
KJ Martin,24,PF,24,7,20,2.5,4.1,0.616,0.3,0.9,0.381,2.2,3.3,0.679,0.657,1,1.2,0.828,0.9,2.1,3,0.8,0.5,0.7,0.5,2.6,6.4,
Jake LaRavia,23,PF,57,0,20.1,2.3,4.9,0.472,0.8,2,0.417,1.5,2.9,0.509,0.557,1.2,1.8,0.676,1.4,2.6,4.1,2.5,0.9,0.4,1.4,2,6.7,
Jake LaRavia,23,PF,47,0,20.9,2.5,5.1,0.49,0.9,1.9,0.444,1.7,3.2,0.517,0.573,1.4,2,0.698,1.4,2.9,4.4,2.8,0.9,0.4,1.5,2,7.3,
Jaxson Hayes,24,C,39,18,18.8,2.6,3.6,0.718,0,0.1,0,2.6,3.6,0.729,0.718,1.2,1.6,0.726,1.4,3.1,4.5,1,0.6,1,0.7,2.2,6.4,
Zach Collins,27,PF,44,9,14.4,2.3,4.6,0.495,0.5,1.6,0.282,1.8,3,0.609,0.544,1.2,1.3,0.879,1.5,2.4,3.8,1.7,0.5,0.4,0.8,2,6.2,
Zach Collins,27,C,36,4,11.8,1.7,3.7,0.462,0.4,1.3,0.304,1.3,2.4,0.547,0.515,0.9,1,0.886,1.1,1.8,2.8,1.4,0.4,0.4,0.6,1.9,4.6,
Trey Lyles,29,PF,50,2,18.4,2.1,5.3,0.407,1.2,3.4,0.343,1,1.8,0.527,0.519,0.7,1,0.714,1.1,3.4,4.5,1.1,0.6,0.4,0.5,1.2,6.2,
Isaiah Stewart,23,C,57,3,19.9,2.4,4.3,0.543,0.2,0.7,0.293,2.1,3.6,0.592,0.567,0.9,1.2,0.765,1.9,3.7,5.6,1.6,0.4,1.4,1,2.5,5.8,
Robert Williams,27,C,20,3,17.6,2.5,3.9,0.641,0.1,0.2,0.333,2.5,3.8,0.653,0.647,0.8,0.9,0.882,1.8,4.2,5.9,1.1,0.7,1.7,0.9,1.6,5.8,
Jonathan Isaac,27,PF,55,0,16.3,2,5,0.407,0.6,2.4,0.261,1.4,2.5,0.547,0.471,1,1.5,0.679,1.8,3,4.8,0.5,0.8,1.1,0.4,1.4,5.7,
Jeremiah Robinson-Earl,24,PF,48,6,17.3,2.1,4.7,0.454,0.8,2.2,0.336,1.4,2.5,0.558,0.533,0.7,0.8,0.842,1.6,2.8,4.4,1.1,0.6,0.1,0.6,1.2,5.7,
Dean Wade,28,PF,42,26,21.9,2,4.9,0.407,1.4,4,0.343,0.6,0.9,0.684,0.547,0.3,0.6,0.52,1,3.8,4.8,1.5,0.8,0.4,0.4,1.9,5.6,
Kenrich Williams,30,PF,50,1,14.4,2.2,4.5,0.489,0.9,2.3,0.386,1.3,2.2,0.595,0.587,0.3,0.4,0.889,0.9,2.3,3.2,1.2,0.6,0.1,0.6,1.5,5.6,
Drew Eubanks,27,C,46,4,14.3,2.2,3.7,0.592,0.1,0.1,0.5,2.1,3.5,0.595,0.601,0.9,1.4,0.651,1.1,3.1,4.2,1,0.2,0.8,0.7,1.1,5.3,
Drew Eubanks,27,C,37,4,15.4,2.4,3.9,0.607,0.1,0.1,0.6,2.3,3.8,0.607,0.617,1,1.5,0.632,1.1,3.5,4.5,1.2,0.3,0.9,0.8,1.2,5.8,
Moussa Diabaté,23,C,52,7,18.4,2.2,3.7,0.589,0,0,0,2.2,3.6,0.596,0.589,1,1.7,0.575,2.9,3.8,6.7,0.8,0.7,0.7,0.8,1.6,5.3,
Jonathan Mogbo,23,PF,49,11,17.9,2.1,4.6,0.451,0.3,1,0.298,1.8,3.6,0.492,0.482,0.9,1.3,0.703,1.6,2.6,4.1,1.6,0.8,0.5,0.9,2.1,5.3,
Karlo Matković,23,PF,24,3,16.3,2,3.9,0.521,0.4,1.3,0.333,1.6,2.7,0.609,0.574,0.7,0.8,0.85,1.4,2.7,4.1,0.9,0.4,1,1,2.2,5.2,
Kyle Anderson,31,PF,46,4,15,2,4.5,0.444,0.5,1.2,0.368,1.5,3.3,0.473,0.495,0.7,1,0.689,0.9,2.3,3.2,2.2,0.6,0.5,0.5,1.2,5.1,
Kyle Anderson,31,PF,36,3,15,2.1,4.7,0.45,0.5,1.4,0.365,1.6,3.3,0.487,0.506,0.5,0.8,0.667,0.8,2.3,3.1,2.3,0.7,0.6,0.6,1.1,5.3,
Luke Kornet,29,C,54,9,17.6,2.1,3.2,0.649,0,0,0,2.1,3.2,0.653,0.649,0.9,1.2,0.746,2.3,2.6,5,1.7,0.5,1,0.5,1.6,5.1,
Neemias Queta,25,C,48,5,14.1,2.1,3.3,0.652,0,0.1,0,2.1,3.2,0.665,0.652,0.7,1,0.729,1.4,2.3,3.7,0.6,0.3,0.6,0.6,1.8,5,
Kevon Looney,28,C,56,6,15.8,2.1,4.1,0.509,0,0,0,2.1,4.1,0.513,0.509,0.8,1.4,0.553,2.8,3.9,6.6,1.7,0.7,0.5,0.6,2.2,4.9,
David Roddy,23,PF,30,3,12.5,1.7,3.7,0.464,0.6,1.8,0.333,1.1,1.9,0.586,0.545,0.6,0.7,0.818,0.4,2.2,2.6,1.1,0.5,0.3,0.7,0.6,4.7,
David Roddy,23,PF,27,3,12.8,1.6,3.4,0.473,0.6,1.6,0.372,1,1.9,0.56,0.559,0.7,0.8,0.818,0.4,2.2,2.6,1.1,0.4,0.3,0.7,0.7,4.5,
Mo Bamba,26,C,28,2,12.6,1.7,3.7,0.466,0.5,1.8,0.3,1.2,1.9,0.623,0.539,0.6,0.9,0.68,0.9,3.4,4.3,0.6,0.3,1,0.7,1.8,4.6,
Charles Bassey,24,C,34,1,10.7,2,3.4,0.586,0,0,,2,3.4,0.586,0.586,0.6,1,0.636,1.6,2.8,4.4,0.5,0.4,0.9,0.7,1.4,4.6,
Orlando Robinson,24,C,27,2,12.9,1.6,3.7,0.434,0.1,0.7,0.2,1.4,2.9,0.494,0.455,0.9,1.2,0.781,1.3,2.1,3.4,1.2,0.4,0.3,0.9,1.6,4.3,
Orlando Robinson,24,C,18,2,16.2,2,4.6,0.439,0.2,0.8,0.2,1.8,3.7,0.493,0.457,1.2,1.4,0.84,1.8,2.5,4.3,1.3,0.4,0.3,1.1,2.1,5.3,
Micah Potter,26,C,28,9,17.6,1.5,3.3,0.446,0.9,2.5,0.371,0.5,0.8,0.682,0.587,0.4,0.4,0.917,1.2,3,4.1,0.8,0.3,0.4,0.7,1.3,4.3,
Daniel Theis,32,C,38,9,16.3,1.6,3.4,0.473,0.2,1,0.243,1.4,2.4,0.565,0.508,0.8,1,0.838,1.2,3.2,4.3,1.6,0.5,0.5,0.7,1.8,4.3,
Jarred Vanderbilt,25,PF,16,0,15.8,1.6,3.3,0.5,0.4,1.3,0.35,1.2,2,0.594,0.567,0.6,1.1,0.5,1.9,3.6,5.4,1.1,0.9,0.3,0.6,1.8,4.3,
Jock Landale,29,C,31,1,10.9,1.6,3.4,0.462,0.2,0.5,0.375,1.4,2.9,0.478,0.491,0.7,1.1,0.676,1.3,1.9,3.2,0.8,0.2,0.3,0.5,1,4.1,
Joel Embiid,29,C,39,39,33.6,11.5,21.8,0.529,1.4,3.6,0.388,10.2,18.3,0.556,0.561,10.2,11.6,0.883,2.4,8.6,11,5.6,1.2,1.7,3.8,2.9,34.7,
Giannis Antetokounmpo,29,PF,73,73,35.2,11.5,18.8,0.611,0.5,1.7,0.274,11,17.1,0.645,0.624,7,10.7,0.657,2.7,8.8,11.5,6.5,1.2,1.1,3.4,2.9,30.4,
Jayson Tatum,25,PF,74,74,35.7,9.1,19.3,0.471,3.1,8.2,0.376,6,11,0.542,0.552,5.6,6.7,0.833,0.9,7.2,8.1,4.9,1,0.6,2.5,2,26.9,
Nikola Jokić,28,C,79,79,34.6,10.4,17.9,0.583,1.1,2.9,0.359,9.4,14.9,0.626,0.612,4.5,5.5,0.817,2.8,9.5,12.4,9,1.4,0.9,3,2.5,26.4,
Anthony Davis,30,C,76,76,35.5,9.4,16.9,0.556,0.4,1.4,0.271,9,15.5,0.582,0.567,5.5,6.8,0.816,3.1,9.5,12.6,3.5,1.2,2.3,2.1,2.3,24.7,
Julius Randle,29,PF,46,46,35.4,8.6,18.2,0.472,1.7,5.3,0.311,6.9,12.9,0.539,0.518,5.1,6.6,0.781,2.2,7,9.2,5,0.5,0.3,3.5,2.7,24,
Lauri Markkanen,26,PF,55,55,33.1,7.8,16.2,0.48,3.2,8,0.399,4.6,8.2,0.559,0.578,4.5,5,0.899,2.2,5.9,8.2,2,0.9,0.5,1.4,1.8,23.2,
Zion Williamson,23,PF,70,70,31.5,8.9,15.6,0.57,0.1,0.3,0.333,8.8,15.4,0.574,0.573,5,7.1,0.702,1.7,4.1,5.8,5,1.1,0.7,2.8,2.3,22.9,
Paul George,33,PF,74,74,33.8,7.9,16.7,0.471,3.3,7.9,0.413,4.6,8.8,0.523,0.569,3.6,3.9,0.907,0.5,4.7,5.2,3.5,1.5,0.5,2.1,2.7,22.6,
Jaren Jackson Jr.,24,C,66,66,32.2,7.8,17.6,0.444,1.8,5.5,0.32,6,12.1,0.501,0.494,5.1,6.3,0.808,1.3,4.2,5.5,2.3,1.2,1.6,2.4,3.6,22.5,
Kyle Kuzma,28,PF,70,70,32.6,8.7,18.8,0.463,2.2,6.4,0.336,6.5,12.3,0.53,0.521,2.7,3.4,0.775,0.9,5.7,6.6,4.2,0.5,0.7,2.7,2.2,22.2,
Karl-Anthony Towns,28,PF,62,62,32.7,7.7,15.3,0.504,2.2,5.3,0.416,5.5,10.1,0.55,0.575,4.1,4.7,0.873,1.5,6.8,8.3,3,0.7,0.7,2.9,3.3,21.8,
Pascal Siakam,29,PF,80,80,33.2,8.5,15.9,0.536,1.1,3.1,0.346,7.5,12.8,0.581,0.569,3.6,5,0.732,1.7,5.3,7.1,4.3,0.8,0.3,1.8,2.4,21.7,
Pascal Siakam,29,PF,39,39,34.7,8.3,16,0.522,1.2,3.7,0.317,7.2,12.3,0.584,0.559,4.3,5.7,0.758,1.4,4.9,6.3,4.9,0.8,0.3,2.1,2.2,22.2,
Pascal Siakam,29,PF,41,41,31.8,8.7,15.8,0.549,1,2.5,0.386,7.7,13.3,0.58,0.579,3,4.2,0.699,2.1,5.7,7.8,3.7,0.8,0.4,1.4,2.6,21.3,
Jerami Grant,29,PF,54,54,33.9,7.1,15.7,0.451,2.1,5.1,0.402,5,10.6,0.474,0.516,4.7,5.8,0.817,0.7,2.9,3.5,2.8,0.8,0.6,2.1,2.2,21,
Kristaps Porziņģis,28,C,57,57,29.6,6.8,13.2,0.516,1.9,5.1,0.375,4.9,8.1,0.606,0.589,4.5,5.3,0.858,1.7,5.5,7.2,2,0.7,1.9,1.6,2.7,20.1,
Domantas Sabonis,27,C,82,82,35.7,7.7,13,0.594,0.4,1.1,0.379,7.3,12,0.613,0.609,3.6,5.1,0.704,3.6,10.1,13.7,8.2,0.9,0.6,3.3,3,19.4,
Bam Adebayo,26,C,71,71,34,7.5,14.3,0.521,0.2,0.6,0.357,7.3,13.7,0.528,0.529,4.1,5.5,0.755,2.2,8.1,10.4,3.9,1.1,0.9,2.3,2.2,19.3,
Nikola Vučević,33,C,76,74,34.3,7.7,15.9,0.484,1.2,4.1,0.294,6.5,11.8,0.55,0.522,1.4,1.7,0.822,2.8,7.8,10.5,3.3,0.7,0.8,1.6,2.5,18,
Tobias Harris,31,PF,70,70,33.8,6.6,13.6,0.487,1.3,3.7,0.353,5.3,9.9,0.537,0.535,2.7,3,0.878,1.1,5.3,6.5,3.1,1,0.7,1.3,1.6,17.2,
Myles Turner,27,C,77,77,27,6.2,11.8,0.524,1.5,4.2,0.358,4.7,7.6,0.615,0.587,3.2,4.1,0.773,1.5,5.5,6.9,1.3,0.5,1.9,1.4,3,17.1,
Deandre Ayton,25,C,55,55,32.4,7.8,13.6,0.57,0,0.2,0.1,7.7,13.4,0.576,0.571,1.2,1.4,0.823,3.2,7.9,11.1,1.6,1,0.8,1.8,2,16.7,
Jarrett Allen,25,C,77,77,31.7,6.7,10.6,0.634,0,0.1,0,6.7,10.6,0.638,0.634,3,4.1,0.742,3.2,7.4,10.5,2.7,0.7,1.1,1.6,1.9,16.5,
John Collins,26,PF,68,66,28,5.8,11,0.532,1.3,3.4,0.371,4.6,7.6,0.605,0.59,2.2,2.7,0.795,2.3,6.1,8.5,1.1,0.6,0.9,1.4,2.8,15.1,
Rudy Gobert,31,C,76,76,34.1,5.3,8.1,0.661,0,0,0,5.3,8,0.664,0.661,3.3,5.1,0.638,3.8,9.2,12.9,1.3,0.7,2.1,1.6,3.1,14,
Aaron Gordon,28,PF,73,73,31.5,5.5,9.8,0.556,0.5,1.9,0.29,4.9,7.9,0.619,0.584,2.4,3.7,0.658,2.4,4.1,6.5,3.5,0.8,0.6,1.4,1.9,13.9,
Bobby Portis,28,PF,82,4,24.5,5.7,11.2,0.508,1.2,3,0.407,4.5,8.2,0.545,0.562,1.2,1.5,0.79,1.7,5.7,7.4,1.3,0.8,0.4,1.1,2.3,13.8,
Rui Hachimura,25,PF,68,39,26.9,5.3,9.9,0.537,1.4,3.4,0.422,3.9,6.5,0.597,0.609,1.5,2,0.739,0.9,3.5,4.3,1.2,0.6,0.4,0.7,1.5,13.6,
Cameron Johnson,27,PF,58,47,27.6,4.8,10.7,0.446,2.4,6.1,0.391,2.4,4.6,0.519,0.557,1.5,1.9,0.789,0.9,3.4,4.3,2.4,0.8,0.3,1,1.8,13.4,
P.J. Washington,25,PF,73,45,30.4,4.8,11.1,0.436,1.8,5.7,0.32,3,5.5,0.558,0.518,1.4,2,0.683,1.2,4.5,5.6,1.9,1,0.8,1.3,2.3,12.9,
P.J. Washington,25,PF,44,17,29.2,5.2,11.6,0.446,1.8,5.5,0.324,3.4,6,0.558,0.524,1.5,2.1,0.713,1.2,4.1,5.3,2.2,0.9,0.7,1.5,2.5,13.6,
P.J. Washington,25,PF,29,28,32.2,4.4,10.4,0.421,1.8,5.8,0.314,2.6,4.6,0.556,0.508,1.1,1.8,0.627,1.1,5.1,6.2,1.5,1.2,0.9,1,2,11.7,
Harrison Barnes,31,PF,82,82,29,4.2,8.9,0.474,1.8,4.7,0.387,2.4,4.2,0.571,0.576,1.9,2.4,0.801,0.8,2.2,3,1.2,0.7,0.1,0.7,1.2,12.2,
Jonas Valančiūnas,31,C,82,82,23.5,4.9,8.8,0.559,0.5,1.5,0.308,4.5,7.3,0.609,0.585,2,2.5,0.785,2.3,6.5,8.8,2.1,0.4,0.8,1.4,2.7,12.2,
Nic Claxton,24,C,71,71,29.8,5.2,8.2,0.629,0,0.1,0.2,5.1,8.1,0.633,0.63,1.5,2.8,0.551,2.7,7.2,9.9,2.1,0.6,2.1,1.3,2.5,11.8,
Marvin Bagley III,24,C,50,25,21.1,4.8,8.2,0.586,0.2,0.5,0.391,4.6,7.7,0.597,0.597,1.9,2.5,0.762,2.6,3.6,6.2,1.1,0.4,0.7,1.2,1.6,11.7,
Marvin Bagley III,24,C,26,10,18.4,4.1,7,0.591,0,0.2,0.167,4.1,6.7,0.606,0.594,1.9,2.3,0.82,1.8,2.8,4.5,1,0.2,0.5,1.1,1.5,10.2,
Marvin Bagley III,24,C,24,15,24,5.5,9.5,0.581,0.3,0.7,0.471,5.2,8.8,0.59,0.599,1.9,2.7,0.708,3.5,4.6,8.1,1.2,0.6,0.8,1.3,1.7,13.3,
Ivica Zubac,26,C,68,68,26.4,5,7.6,0.649,0,0,,5,7.6,0.649,0.649,1.8,2.4,0.723,2.9,6.3,9.2,1.4,0.3,1.2,1.2,2.6,11.7,
Clint Capela,29,C,73,73,25.8,4.8,8.5,0.571,0,0,0,4.8,8.5,0.572,0.571,1.8,2.8,0.631,4.6,6,10.6,1.2,0.6,1.5,1,2.2,11.5,
Zach Collins,26,C,69,29,22.1,4.3,8.9,0.484,0.8,2.6,0.32,3.5,6.3,0.552,0.531,1.8,2.3,0.753,1.7,3.7,5.4,2.8,0.5,0.8,1.9,3,11.2,
Jakob Poeltl,28,C,50,50,26.4,5,7.6,0.656,0,0,,5,7.6,0.656,0.656,1.2,2.1,0.551,2.9,5.7,8.6,2.5,0.7,1.5,1.5,3,11.1,
Daniel Gafford,25,PF,74,66,24.5,4.7,6.5,0.725,0,0,,4.7,6.5,0.725,0.725,1.6,2.4,0.674,2.6,5,7.6,1.6,0.9,2.1,1,3.1,11,
Daniel Gafford,25,C,45,45,26.5,4.5,6.5,0.69,0,0,,4.5,6.5,0.69,0.69,1.9,2.6,0.706,2.9,5.1,8,1.5,1,2.2,1,3.3,10.9,
Daniel Gafford,25,PF,29,21,21.5,5,6.4,0.78,0,0,,5,6.4,0.78,0.78,1.2,1.9,0.607,2.2,4.7,6.9,1.6,0.7,1.9,1,2.8,11.2,
Wendell Carter Jr.,24,C,55,48,25.6,4.1,7.7,0.525,1.2,3.1,0.374,2.9,4.6,0.626,0.6,1.7,2.4,0.694,2,4.9,6.9,1.7,0.6,0.5,1.2,2.2,11,
Jusuf Nurkić,29,C,76,76,27.3,4.2,8.3,0.51,0.3,1.2,0.244,3.9,7.1,0.555,0.528,2.2,3.4,0.64,2.9,8.1,11,4,1.1,1.1,2.3,3.3,10.9,
Moritz Wagner,26,C,80,1,17.7,4.2,6.9,0.601,0.5,1.4,0.33,3.7,5.5,0.673,0.636,2.1,2.6,0.814,1.5,2.9,4.3,1.2,0.5,0.3,1.2,2,10.9,
Santi Aldama,23,PF,61,35,26.5,4,9.3,0.435,1.7,5,0.349,2.3,4.3,0.534,0.528,0.9,1.4,0.621,1.2,4.6,5.8,2.3,0.7,0.9,1.1,1.5,10.7,
Grant Williams,25,PF,76,43,28,3.6,8,0.456,1.7,4.4,0.375,2,3.5,0.558,0.56,1.4,1.8,0.757,1.1,3.1,4.2,2.3,0.6,0.5,1.4,3,10.3,
Grant Williams,25,PF,47,33,26.4,2.8,6.7,0.413,1.7,4.5,0.376,1.1,2.3,0.486,0.538,0.9,1.2,0.745,1,2.6,3.6,1.7,0.5,0.6,1.1,2.9,8.1,
Grant Williams,25,PF,29,10,30.6,5,9.9,0.503,1.6,4.3,0.373,3.4,5.6,0.605,0.585,2.2,2.9,0.765,1.4,3.8,5.1,3.2,0.7,0.4,1.9,3.1,13.9,
Obi Toppin,25,PF,82,28,21.1,4,7.1,0.573,1.2,3.1,0.403,2.8,4,0.706,0.661,0.9,1.2,0.77,1,2.9,3.9,1.6,0.6,0.5,0.8,1.7,10.3,
Onyeka Okongwu,23,C,55,8,25.5,4.1,6.6,0.611,0.4,1.3,0.333,3.6,5.4,0.676,0.642,1.7,2.1,0.793,2.6,4.2,6.8,1.3,0.5,1.1,0.8,2.9,10.2,
Jalen Smith,23,C,61,14,17.2,3.8,6.5,0.592,1,2.4,0.424,2.8,4.1,0.689,0.67,1.2,1.7,0.692,1.8,3.7,5.5,1,0.3,0.6,0.7,2,9.9,
Kelly Olynyk,32,C,78,27,22.6,3.5,6.4,0.555,0.8,2,0.387,2.8,4.4,0.632,0.616,1.9,2.3,0.833,1.4,3.9,5.3,4.4,0.9,0.4,1.9,2.9,9.8,
Kelly Olynyk,32,C,50,8,20.4,2.9,5.2,0.562,0.7,1.7,0.429,2.2,3.5,0.626,0.632,1.6,1.9,0.842,1.3,3.8,5.1,4.4,0.7,0.2,1.6,2.6,8.1,
Kelly Olynyk,32,C,28,19,26.4,4.7,8.5,0.548,0.9,2.5,0.338,3.8,6,0.637,0.598,2.5,3,0.824,1.6,4,5.6,4.6,1.3,0.6,2.5,3.5,12.7,
Nick Richards,26,C,67,51,26.3,3.9,5.6,0.691,0,0,0,3.9,5.6,0.693,0.691,2,2.7,0.737,2.6,5.5,8,0.8,0.4,1.1,1.1,2.6,9.7,
Georges Niang,30,PF,82,10,22.3,3.5,7.7,0.449,1.8,4.8,0.376,1.6,2.9,0.572,0.567,0.6,0.7,0.85,0.3,3.1,3.4,1.2,0.4,0.2,0.9,2.3,9.4,
Duop Reath,27,C,68,20,17.9,3.4,7.3,0.461,1.3,3.6,0.359,2.1,3.7,0.559,0.549,1,1.4,0.742,1.4,2.3,3.7,1,0.5,0.6,0.8,2.4,9.1,
Taurean Prince,29,PF,78,49,27,3.2,7.3,0.442,1.8,4.6,0.396,1.4,2.8,0.519,0.566,0.6,0.9,0.735,0.3,2.7,2.9,1.5,0.7,0.4,0.9,1.9,8.9,
Draymond Green,33,PF,55,52,27.1,3.4,6.8,0.497,0.9,2.3,0.395,2.4,4.4,0.551,0.566,1,1.3,0.73,1.4,5.9,7.2,6,1,0.9,2.5,3,8.6,
Dorian Finney-Smith,30,PF,68,56,28.4,3.2,7.5,0.421,1.7,4.9,0.348,1.4,2.6,0.56,0.535,0.5,0.7,0.717,1.6,3.1,4.7,1.6,0.8,0.6,0.9,2.2,8.5,
Andre Drummond,30,C,79,10,17.1,3.4,6.1,0.556,0,0,0,3.4,6,0.56,0.556,1.6,2.8,0.592,3.4,5.6,9,0.5,0.9,0.6,1,1.8,8.4,
Dario Šarić,29,C,64,9,17.2,2.8,6.1,0.466,1.2,3.1,0.376,1.7,3,0.56,0.562,1.2,1.5,0.849,1.1,3.3,4.4,2.3,0.5,0.2,1.2,1.8,8,
Trayce Jackson-Davis,23,PF,68,16,16.6,3.4,4.9,0.702,0,0,0,3.4,4.9,0.704,0.702,1.1,1.9,0.561,2,3,5,1.2,0.4,1.1,0.7,1.6,7.9,
Isaiah Hartenstein,25,C,75,49,25.3,3.1,4.9,0.644,0,0,0.333,3.1,4.8,0.646,0.645,1.5,2.1,0.707,3.3,5.1,8.3,2.5,1.2,1.1,1.2,2.8,7.8,
Precious Achiuwa,24,PF,74,18,21.9,3.2,6.3,0.501,0.4,1.3,0.268,2.8,5,0.562,0.529,0.9,1.5,0.616,2.6,4,6.6,1.3,0.6,0.9,1.1,1.9,7.6,
Precious Achiuwa,24,C,25,0,17.5,3.1,6.8,0.459,0.5,1.9,0.277,2.6,4.9,0.528,0.497,1,1.7,0.571,2,3.4,5.4,1.8,0.6,0.5,1.2,1.6,7.7,
Precious Achiuwa,24,PF,49,18,24.2,3.2,6.1,0.525,0.3,1,0.26,2.9,5.1,0.578,0.547,0.9,1.4,0.643,2.9,4.3,7.2,1.1,0.6,1.1,1.1,2.1,7.6,
Toumani Camara,23,PF,70,49,24.8,2.8,6.3,0.45,0.8,2.5,0.337,2,3.8,0.523,0.516,1.1,1.4,0.758,2,2.9,4.9,1.2,0.9,0.5,1.2,2.5,7.5,
Paul Reed,24,C,82,24,19.4,3.2,5.9,0.54,0.3,0.7,0.368,2.9,5.2,0.563,0.561,0.7,1,0.718,2.4,3.6,6,1.3,0.8,1,0.8,2.4,7.3,
Lamar Stevens,26,PF,38,3,14.7,2.8,6.3,0.45,0.4,1.2,0.304,2.5,5.1,0.485,0.479,1.1,1.4,0.778,0.9,2.4,3.3,0.7,0.6,0.6,0.6,1.2,7.2,
Lamar Stevens,26,PF,19,2,23,4.6,10.3,0.446,0.6,2,0.289,4,8.3,0.484,0.474,1.8,2.3,0.791,1.3,3.8,5.1,1.1,0.9,0.9,0.8,1.6,11.5,
Trey Lyles,28,PF,58,0,20,2.5,5.5,0.445,1.4,3.8,0.384,1,1.8,0.578,0.576,0.8,1.2,0.7,1.1,3.4,4.4,1.2,0.3,0.3,0.7,1.5,7.2,
Trendon Watford,23,PF,63,2,13.6,2.6,4.9,0.527,0.4,1.1,0.397,2.2,3.9,0.564,0.571,1.2,1.5,0.794,0.8,2.3,3.1,1.3,0.4,0.3,1,1.7,6.9,
Christian Wood,28,PF,50,1,17.4,2.5,5.3,0.466,0.7,2.3,0.307,1.8,3,0.587,0.532,1.3,1.9,0.702,0.8,4.3,5.1,1,0.3,0.7,1,1.4,6.9,
Trey Jemison,24,C,25,14,22.9,3,5.4,0.551,0,0,,3,5.4,0.551,0.551,0.8,1,0.84,2.6,2.8,5.4,1.1,0.5,1.1,1.4,2.8,6.8,
Trey Jemison,24,C,23,14,24.9,3.3,5.9,0.551,0,0,,3.3,5.9,0.551,0.551,0.9,1.1,0.84,2.8,3,5.8,1.2,0.5,1.2,1.4,3,7.4,
Jonathan Isaac,26,PF,58,2,15.8,2.5,4.9,0.51,0.7,1.9,0.375,1.8,3,0.598,0.584,1,1.4,0.72,1.3,3.2,4.5,0.5,0.7,1.2,0.5,1.1,6.8,
Dāvis Bertāns,31,PF,43,1,15.7,2.1,5.4,0.393,1.8,4.7,0.38,0.4,0.8,0.471,0.556,0.7,0.8,0.909,0.2,1.2,1.4,0.8,0.6,0.3,0.4,1.3,6.7,
Dāvis Bertāns,31,PF,28,1,20.8,2.9,7.4,0.394,2.4,6.3,0.375,0.6,1.1,0.5,0.553,0.6,0.6,0.889,0.3,1.6,1.8,0.9,0.8,0.3,0.6,1.6,8.8,
Chimezie Metu,26,C,51,12,16.8,2.4,4.8,0.504,0.5,1.8,0.298,1.9,2.9,0.633,0.561,1.1,1.3,0.906,0.8,3,3.8,0.9,0.8,0.3,1,1.4,6.5,
Chimezie Metu,26,C,37,5,12.1,1.8,3.5,0.508,0.4,1.4,0.294,1.4,2.1,0.646,0.565,1,1.2,0.884,0.6,2.3,3,0.5,0.5,0.2,0.7,1.1,5,
Kyle Anderson,30,PF,79,10,22.6,2.5,5.5,0.46,0.1,0.6,0.229,2.4,4.9,0.488,0.472,1.2,1.7,0.708,0.8,2.7,3.5,4.2,0.9,0.6,1.2,1.6,6.4,
Chris Boucher,31,PF,50,0,14.1,2.2,4.3,0.507,0.6,1.9,0.33,1.6,2.5,0.642,0.578,1.4,1.8,0.772,1.2,2.9,4.1,0.5,0.3,0.5,0.6,1.4,6.4,
Bruno Fernando,25,C,45,2,15.2,2.4,4.2,0.583,0,0.1,0,2.4,4.1,0.596,0.583,1.4,2.1,0.667,1.3,3,4.3,1,0.6,0.6,1,2.4,6.3,
Daniel Theis,31,C,60,3,16.9,2.6,4.9,0.532,0.4,1.2,0.366,2.2,3.7,0.586,0.577,0.6,0.8,0.76,1.4,2.7,4.1,1,0.4,0.9,0.7,2.1,6.3,
Daniel Theis,31,C,59,3,17.1,2.6,4.9,0.536,0.4,1.2,0.371,2.2,3.7,0.589,0.581,0.6,0.8,0.76,1.4,2.7,4.1,1,0.4,0.9,0.7,2.1,6.3,
Jae Crowder,33,PF,50,25,23.1,2.3,5.4,0.422,1.2,3.3,0.349,1.1,2.1,0.538,0.53,0.5,0.7,0.722,0.6,2.6,3.2,1.3,0.8,0.2,0.5,1.5,6.2,
Haywood Highsmith,27,PF,66,26,20.7,2.3,5,0.465,1.2,2.9,0.396,1.2,2.1,0.562,0.581,0.3,0.5,0.639,1,2.2,3.2,1.1,0.8,0.5,0.5,1.8,6.1,
Thomas Bryant,26,C,38,4,11.6,2.3,3.9,0.577,0.1,0.6,0.182,2.2,3.3,0.646,0.591,1.1,1.2,0.872,1.1,2.7,3.7,0.6,0.3,0.4,0.6,1.2,5.7,
Larry Nance Jr.,31,C,61,0,19.9,2.3,4,0.573,0.4,1.1,0.415,1.8,2.9,0.631,0.629,0.8,1,0.77,1.5,3.5,5,1.9,1,0.3,0.8,1.6,5.7,
Mitchell Robinson,25,C,31,21,24.8,2.4,4.1,0.575,0,0,,2.4,4.1,0.575,0.575,0.9,2.1,0.409,4.6,3.9,8.5,0.6,1.2,1.1,0.8,1.8,5.6,
Neemias Queta,24,C,28,0,11.9,2.4,3.7,0.644,0,0,,2.4,3.7,0.644,0.644,0.7,1,0.714,1.9,2.5,4.4,0.7,0.5,0.8,0.5,1.8,5.5,
Sasha Vezenkov,28,PF,42,0,12.2,2,4.5,0.44,1.1,2.9,0.375,0.9,1.7,0.549,0.558,0.3,0.4,0.8,0.7,1.6,2.3,0.5,0.5,0.2,0.3,1,5.4,
Dean Wade,27,PF,54,32,20.5,1.8,4.3,0.414,1.5,3.7,0.391,0.3,0.6,0.567,0.584,0.4,0.5,0.769,0.7,3.4,4,0.8,0.7,0.5,0.4,1.7,5.4,
Xavier Tillman Sr.,25,PF,54,15,18,2.2,5.2,0.434,0.4,1.5,0.247,1.9,3.7,0.51,0.47,0.4,0.9,0.44,1.3,2.6,3.9,1.4,0.9,0.8,0.6,1.4,5.3,
Xavier Tillman Sr.,25,C,34,13,20.6,2.6,6.3,0.408,0.4,1.6,0.226,2.2,4.7,0.469,0.437,0.5,1.3,0.419,1.6,3,4.6,1.7,1.2,1,0.9,1.8,6,
Xavier Tillman Sr.,25,PF,20,2,13.7,1.7,3.3,0.515,0.4,1.4,0.286,1.3,1.9,0.684,0.576,0.2,0.4,0.571,0.7,2,2.7,1,0.5,0.5,0.3,0.8,4,
Luke Kornet,28,C,63,7,15.6,2.3,3.2,0.7,0,0,1,2.2,3.2,0.698,0.702,0.8,0.9,0.907,1.9,2.3,4.1,1.1,0.4,1,0.3,1.2,5.3,
Mason Plumlee,33,C,46,11,14.7,1.9,3.3,0.569,0,0.1,0,1.9,3.2,0.592,0.569,1.5,2.2,0.707,1.3,3.8,5.1,1.2,0.3,0.4,0.8,1.5,5.3,
Bol Bol,24,PF,43,0,10.9,2.2,3.5,0.616,0.5,1.2,0.423,1.7,2.3,0.717,0.689,0.3,0.4,0.789,0.7,2.4,3.2,0.4,0.2,0.6,0.4,1,5.2,
Jarred Vanderbilt,24,PF,29,6,20,2,3.9,0.518,0.3,0.9,0.296,1.8,3,0.586,0.553,0.8,1.2,0.667,1.4,3.3,4.8,1.2,1.2,0.2,1,1.5,5.2,
Drew Eubanks,26,C,75,6,15.6,2,3.4,0.601,0,0,1,2,3.3,0.596,0.607,1,1.2,0.774,1.4,2.9,4.3,0.8,0.4,0.8,0.8,1.5,5.1,
Richaun Holmes,30,C,40,10,13.9,2.1,3.7,0.558,0,0.1,0.333,2,3.6,0.563,0.561,0.9,1.2,0.723,1.8,2.8,4.6,0.6,0.3,0.5,0.6,1.9,5,
Richaun Holmes,30,C,23,2,10.3,1.4,2.6,0.559,0,0,,1.4,2.6,0.559,0.559,0.5,0.9,0.571,1.4,2,3.4,0.7,0.1,0.4,0.5,1.4,3.4,
Richaun Holmes,30,PF,17,8,18.7,2.9,5.2,0.557,0.1,0.2,0.333,2.8,5,0.565,0.563,1.3,1.5,0.846,2.2,3.9,6.1,0.6,0.5,0.6,0.7,2.4,7.1,
Goga Bitadze,24,C,62,33,15.4,2,3.4,0.603,0,0.2,0.143,2,3.1,0.636,0.608,0.9,1.4,0.655,1.8,2.9,4.6,1.3,0.5,1.2,0.7,1.7,5,
Isaiah Livers,25,PF,23,6,20.4,1.7,5,0.345,1,3.3,0.286,0.8,1.7,0.462,0.44,0.5,0.8,0.667,0.7,1.4,2.1,1.1,0.6,0.2,0.7,1.9,5,
Jalen Wilson,23,PF,43,3,15.4,1.8,4.2,0.425,0.6,1.7,0.324,1.2,2.4,0.495,0.492,0.9,1.1,0.826,1.1,2,3,1,0.3,0.1,0.4,1.1,5,
Jock Landale,28,C,56,3,13.6,1.9,3.7,0.515,0.2,0.7,0.25,1.7,3,0.578,0.539,0.9,1.2,0.8,1.6,1.5,3.1,1.2,0.4,0.6,0.6,1.3,4.9,
Kenrich Williams,29,PF,69,1,14.9,1.9,4.1,0.468,0.8,2,0.397,1.1,2,0.54,0.568,0.1,0.2,0.5,0.9,2.1,3,1.3,0.6,0.1,0.5,1.5,4.7,
Omer Yurtseven,25,C,48,12,11.4,2.1,3.8,0.538,0.1,0.5,0.208,2,3.3,0.588,0.552,0.4,0.6,0.679,1.5,2.8,4.3,0.6,0.2,0.4,0.8,1.1,4.6,
Kevon Looney,27,C,74,36,16.1,1.9,3.1,0.597,0,0,0,1.9,3.1,0.599,0.597,0.8,1.1,0.675,1.9,3.7,5.7,1.8,0.4,0.4,0.7,2.1,4.5,
Bismack Biyombo,31,C,40,27,19.8,1.9,3.3,0.565,0,0,,1.9,3.3,0.565,0.565,0.7,1.4,0.481,1.6,3.7,5.2,1.3,0.3,0.9,1.1,2.2,4.4,
Bismack Biyombo,31,C,30,27,23.9,2.2,4,0.563,0,0,,2.2,4,0.563,0.563,0.7,1.5,0.478,1.9,4.5,6.4,1.7,0.3,1.1,1.3,2.7,5.2,
Robert Covington,33,PF,29,6,16.8,1.5,3.4,0.439,0.7,1.9,0.339,0.8,1.4,0.571,0.536,0.8,0.9,0.846,1.1,2.3,3.3,0.8,1.3,0.6,0.4,1.9,4.4,
Mo Bamba,25,C,57,17,13,1.7,3.5,0.49,0.4,1.1,0.391,1.3,2.4,0.537,0.553,0.6,0.9,0.68,1.4,2.8,4.2,0.7,0.4,1.1,0.7,1.8,4.4,
Maxi Kleber,32,C,43,7,20.3,1.5,3.4,0.432,0.7,2.1,0.348,0.7,1.3,0.574,0.541,0.8,1.1,0.702,0.7,2.6,3.3,1.6,0.4,0.7,0.7,1.8,4.4,
Jontay Porter,24,PF,26,5,13.8,1.5,4,0.385,0.8,2.3,0.333,0.8,1.7,0.455,0.481,0.6,0.7,0.833,1,2.2,3.2,2.3,0.8,0.8,0.8,1.3,4.4,
Jaxson Hayes,23,C,70,5,12.5,1.8,2.5,0.72,0,0.1,0,1.8,2.4,0.754,0.72,0.7,1.2,0.622,1,2,3,0.5,0.5,0.4,0.6,1.8,4.3,
Joel Embiid,28,C,66,66,34.6,11,20.1,0.548,1,3,0.33,10,17.1,0.587,0.573,10,11.7,0.857,1.7,8.4,10.2,4.2,1,1.7,3.4,3.1,33.1,
Giannis Antetokounmpo,28,PF,63,63,32.1,11.2,20.3,0.553,0.7,2.7,0.275,10.5,17.6,0.596,0.572,7.9,12.3,0.645,2.2,9.6,11.8,5.7,0.8,0.8,3.9,3.1,31.1,
Anthony Davis,29,C,56,54,34,9.7,17.2,0.563,0.3,1.3,0.257,9.3,15.9,0.589,0.573,6.2,7.9,0.784,3.5,9.1,12.5,2.6,1.1,2,2.2,2.6,25.9,
Lauri Markkanen,25,PF,66,66,34.4,8.7,17.3,0.499,3,7.7,0.391,5.6,9.6,0.585,0.586,5.3,6,0.875,2,6.7,8.6,1.9,0.6,0.6,1.9,2.1,25.6,
Julius Randle,28,PF,77,77,35.5,8.5,18.6,0.459,2.8,8.3,0.343,5.7,10.3,0.553,0.536,5.2,6.9,0.757,1.8,8.1,10,4.1,0.6,0.3,2.8,3,25.1,
Nikola Jokić,27,C,69,69,33.7,9.4,14.8,0.632,0.8,2.2,0.383,8.5,12.7,0.675,0.66,4.9,6,0.822,2.4,9.4,11.8,9.8,1.3,0.7,3.6,2.5,24.5,
Pascal Siakam,28,PF,71,71,37.4,8.9,18.5,0.48,1.3,4,0.324,7.6,14.5,0.523,0.515,5.2,6.7,0.774,1.8,6,7.8,5.8,0.9,0.5,2.4,3.2,24.2,
Kristaps Porziņģis,27,C,65,65,32.6,7.8,15.7,0.498,2.1,5.5,0.385,5.7,10.2,0.559,0.565,5.4,6.4,0.851,1.8,6.6,8.4,2.7,0.9,1.5,2.1,3,23.2,
Jimmy Butler,33,PF,64,64,33.4,7.5,13.9,0.539,0.6,1.6,0.35,6.9,12.3,0.564,0.56,7.4,8.7,0.85,2.2,3.7,5.9,5.3,1.8,0.3,1.6,1.3,22.9,
Bojan Bogdanović,33,PF,59,59,32.1,7.3,14.9,0.488,2.5,6,0.411,4.8,9,0.539,0.57,4.5,5.1,0.884,0.6,3.2,3.8,2.6,0.6,0.1,2.3,1.9,21.6,
Kyle Kuzma,27,PF,64,64,35,8,17.8,0.448,2.5,7.5,0.333,5.5,10.3,0.533,0.518,2.7,3.7,0.73,0.9,6.4,7.2,3.7,0.6,0.5,3,2.3,21.2,
Karl-Anthony Towns,27,PF,29,29,33,7.3,14.8,0.495,2.1,5.7,0.366,5.2,9.1,0.576,0.565,4.1,4.7,0.874,1.7,6.5,8.1,4.8,0.7,0.6,3,3.8,20.8,
Jerami Grant,28,PF,63,63,35.7,6.9,14.5,0.475,2.3,5.7,0.401,4.6,8.8,0.523,0.554,4.4,5.4,0.813,0.8,3.7,4.5,2.4,0.8,0.8,1.8,2.4,20.5,
Bam Adebayo,25,C,75,75,34.6,8,14.9,0.54,0,0.2,0.083,8,14.7,0.545,0.541,4.3,5.4,0.806,2.5,6.7,9.2,3.2,1.2,0.8,2.5,2.8,20.4,
Domantas Sabonis,26,C,79,79,34.6,7.3,11.9,0.615,0.4,1.1,0.373,6.9,10.8,0.639,0.632,4.1,5.5,0.742,3.2,9.1,12.3,7.3,0.8,0.5,2.9,3.5,19.1,
Jaren Jackson Jr.,23,C,63,63,28.4,6.6,13,0.506,1.6,4.5,0.355,5,8.6,0.585,0.567,3.8,4.9,0.788,1.7,5,6.8,1,1,3,1.7,3.6,18.6,
Deandre Ayton,24,C,67,67,30.4,7.8,13.2,0.589,0.1,0.4,0.292,7.7,12.9,0.597,0.592,2.3,3,0.76,2.6,7.4,10,1.7,0.6,0.8,1.8,2.8,18,
Myles Turner,26,C,62,62,29.4,6.5,11.8,0.548,1.5,4,0.373,5,7.8,0.638,0.612,3.5,4.5,0.783,1.4,6.1,7.5,1.4,0.6,2.3,1.7,3.5,18,
Nikola Vučević,32,C,82,82,33.5,7.3,14,0.52,1.5,4.2,0.349,5.8,9.8,0.594,0.573,1.6,1.9,0.835,1.9,9.1,11,3.2,0.7,0.7,1.7,2.2,17.6,
Christian Wood,27,C,67,17,25.9,5.9,11.5,0.515,1.6,4.2,0.376,4.3,7.3,0.594,0.583,3.2,4.2,0.772,1.3,6,7.3,1.8,0.4,1.1,1.8,2.5,16.6,
Aaron Gordon,27,PF,68,68,30.2,6.3,11.2,0.564,0.9,2.5,0.347,5.4,8.6,0.628,0.603,2.8,4.6,0.608,2.4,4.1,6.6,3,0.8,0.8,1.4,1.9,16.3,
P.J. Washington,24,PF,73,73,32.6,5.9,13.4,0.444,2,5.9,0.348,3.9,7.5,0.518,0.52,1.7,2.4,0.73,1,3.9,4.9,2.4,0.9,1.1,1.5,2.6,15.7,
Cameron Johnson,26,PF,42,41,28.5,5.3,11.3,0.47,2.5,6.1,0.404,2.9,5.2,0.548,0.579,2.4,2.9,0.842,0.8,3.6,4.4,1.9,1.2,0.3,0.9,2,15.5,
Cameron Johnson,26,PF,17,16,25.2,4.8,10.2,0.474,2.6,5.8,0.455,2.2,4.4,0.5,0.604,1.6,1.9,0.818,0.8,3,3.8,1.5,0.9,0.4,0.6,1.7,13.9,
Cameron Johnson,26,PF,25,25,30.8,5.6,12,0.468,2.3,6.2,0.372,3.3,5.8,0.572,0.565,3,3.5,0.851,0.8,4,4.8,2.1,1.4,0.3,1.1,2.2,16.6,
Wendell Carter Jr.,23,C,57,54,29.6,5.6,10.8,0.525,1.4,3.9,0.356,4.2,6.8,0.624,0.591,2.5,3.4,0.738,2.1,6.6,8.7,2.3,0.5,0.6,1.9,2.8,15.2,
Harrison Barnes,30,PF,82,82,32.5,4.6,9.6,0.473,1.6,4.3,0.374,3,5.3,0.553,0.556,4.3,5,0.847,1.1,3.4,4.5,1.6,0.7,0.1,1,1.3,15,
Jarrett Allen,24,C,68,68,32.6,5.9,9.2,0.644,0,0.1,0.1,5.9,9.1,0.653,0.645,2.4,3.3,0.733,3.3,6.5,9.8,1.7,0.8,1.2,1.4,2.3,14.3,
Bobby Portis,27,PF,70,22,26,5.7,11.5,0.496,1.4,3.7,0.37,4.3,7.8,0.555,0.555,1.4,1.8,0.768,2.2,7.4,9.6,1.5,0.4,0.2,1.2,1.6,14.1,
Jonas Valančiūnas,30,C,79,79,24.9,5.6,10.3,0.547,0.5,1.4,0.349,5.2,8.9,0.577,0.57,2.3,2.8,0.826,2.8,7.3,10.2,1.8,0.3,0.7,2,3.1,14.1,
Rudy Gobert,30,C,70,70,30.7,5.1,7.8,0.659,0,0,0,5.1,7.8,0.663,0.659,3.1,4.9,0.644,3.3,8.3,11.6,1.2,0.8,1.4,1.7,3,13.4,
Jusuf Nurkić,28,C,52,52,26.8,5,9.7,0.519,0.8,2.3,0.361,4.2,7.4,0.567,0.561,2.4,3.7,0.661,2.2,6.9,9.1,2.9,0.8,0.8,2.3,3.6,13.3,
John Collins,25,PF,71,71,30,5.1,10,0.508,1,3.4,0.292,4.1,6.6,0.619,0.557,2,2.5,0.803,1.1,5.4,6.5,1.2,0.6,1,1.1,3.1,13.1,
Nic Claxton,23,C,76,76,29.9,5.4,7.7,0.705,0,0,0,5.4,7.7,0.708,0.705,1.8,3.2,0.541,2.4,6.8,9.2,1.9,0.9,2.5,1.3,2.8,12.6,
Jakob Poeltl,27,C,72,71,26.5,5.4,8.6,0.629,0,0,0,5.4,8.6,0.63,0.629,1.7,2.8,0.592,3.3,5.8,9.1,2.7,0.9,1.2,1.7,2.7,12.5,
Jakob Poeltl,27,C,46,46,26.1,5.2,8.4,0.616,0,0,0,5.2,8.4,0.618,0.616,1.7,2.8,0.605,3.3,5.7,9,3.1,0.8,1.1,2.1,2.6,12.1,
Jakob Poeltl,27,C,26,25,27.2,5.8,8.8,0.652,0,0,,5.8,8.8,0.652,0.652,1.6,2.8,0.569,3.2,5.9,9.1,2.2,1.2,1.3,1.1,3,13.1,
Kelly Olynyk,31,C,68,68,28.6,4.1,8.2,0.499,1.4,3.5,0.394,2.7,4.7,0.576,0.583,2.9,3.4,0.853,1.2,5,6.2,3.7,0.9,0.5,2.5,3.4,12.5,
Marvin Bagley III,23,C,42,25,23.6,4.8,9.1,0.529,0.5,1.6,0.288,4.4,7.5,0.579,0.554,1.9,2.6,0.75,2.2,4.2,6.4,0.9,0.5,0.7,1.1,1.9,12,
Clint Capela,28,C,65,63,26.6,5.4,8.2,0.653,0,0,0,5.4,8.2,0.654,0.653,1.2,2,0.603,4,7.1,11,0.9,0.7,1.2,0.8,2.1,12,
Zach Collins,25,C,63,26,22.9,4.5,8.7,0.518,0.9,2.3,0.374,3.6,6.4,0.571,0.568,1.7,2.3,0.761,1.8,4.5,6.4,2.9,0.6,0.8,2,3.2,11.6,
Rui Hachimura,24,PF,63,9,23.3,4.5,9.3,0.486,0.8,2.5,0.319,3.7,6.7,0.55,0.53,1.4,1.9,0.739,0.8,3.7,4.5,0.9,0.3,0.4,0.8,1.1,11.2,
Rui Hachimura,24,PF,30,0,24.3,5.3,10.8,0.488,1,3,0.337,4.3,7.8,0.545,0.534,1.5,1.9,0.759,0.6,3.6,4.3,1.2,0.4,0.4,1.2,1.3,13,
Rui Hachimura,24,PF,33,9,22.4,3.8,7.9,0.485,0.6,2.2,0.296,3.2,5.7,0.556,0.525,1.3,1.8,0.721,1,3.7,4.7,0.7,0.2,0.4,0.5,1,9.6,
Marcus Morris,33,PF,65,65,28.1,4.2,9.9,0.426,1.7,4.7,0.364,2.5,5.2,0.484,0.513,1,1.3,0.782,0.4,3.5,4,1.8,0.6,0.3,0.9,2.1,11.2,
Mason Plumlee,32,C,79,60,26,4.2,6.1,0.68,0,0,,4.2,6.1,0.68,0.68,2.5,4,0.636,2.9,6,8.9,3.1,0.6,0.6,1.5,2.7,10.8,
Mason Plumlee,32,C,56,56,28.5,4.7,7.1,0.669,0,0,,4.7,7.1,0.669,0.669,2.8,4.6,0.605,3.3,6.3,9.7,3.7,0.6,0.6,1.6,2.9,12.2,
Mason Plumlee,32,C,23,4,19.9,2.8,3.8,0.727,0,0,,2.8,3.8,0.727,0.727,1.9,2.5,0.772,1.8,5.1,6.9,1.7,0.5,0.5,1.3,2.4,7.5,
Ivica Zubac,25,C,76,76,28.6,4.3,6.8,0.634,0,0,0,4.3,6.7,0.637,0.634,2.2,3.1,0.697,3.1,6.8,9.9,1,0.4,1.3,1.5,2.9,10.8,
Moritz Wagner,25,C,57,18,19.5,3.5,6.9,0.5,0.9,2.9,0.313,2.6,4.1,0.631,0.564,2.7,3.2,0.841,1.2,3.3,4.5,1.5,0.6,0.2,1.2,2.4,10.5,
Brandon Clarke,26,PF,56,8,19.5,4.1,6.2,0.656,0,0.1,0.167,4.1,6.1,0.665,0.658,1.8,2.4,0.723,1.6,3.9,5.5,1.3,0.6,0.7,1,2.3,10,
Thomas Bryant,25,C,59,26,18.3,3.9,6.3,0.623,0.4,1,0.441,3.5,5.3,0.658,0.659,1.6,2.1,0.738,1.5,4.3,5.7,0.5,0.3,0.5,0.6,1.7,9.8,
Thomas Bryant,25,C,41,25,21.4,4.8,7.3,0.654,0.5,1.2,0.44,4.3,6.1,0.697,0.691,2,2.6,0.741,1.6,5.2,6.8,0.7,0.3,0.6,0.7,1.9,12.1,
Thomas Bryant,25,C,18,1,11.4,1.8,3.8,0.485,0.2,0.5,0.444,1.6,3.3,0.492,0.515,0.7,1,0.722,1.1,2.3,3.3,0.1,0.1,0.4,0.6,1.4,4.6,
Herbert Jones,24,PF,66,66,29.6,3.6,7.6,0.469,0.8,2.5,0.335,2.7,5.1,0.536,0.525,1.9,2.4,0.764,1.5,2.6,4.1,2.5,1.6,0.6,1.3,3.2,9.8,
Keita Bates-Diop,27,PF,67,42,21.7,3.5,6.9,0.508,0.8,2.1,0.394,2.7,4.8,0.557,0.568,1.8,2.2,0.793,1,2.7,3.7,1.5,0.7,0.3,0.8,0.9,9.7,
Kyle Anderson,29,PF,69,46,28.4,3.7,7.2,0.509,0.6,1.5,0.41,3,5.7,0.536,0.553,1.4,2,0.735,1,4.4,5.3,4.9,1.1,0.9,1.5,2.1,9.4,
Chris Boucher,30,PF,76,0,20,3.4,7,0.493,0.8,2.5,0.328,2.6,4.5,0.585,0.552,1.7,2.2,0.762,2.1,3.5,5.5,0.4,0.6,0.8,0.5,1.9,9.4,
Precious Achiuwa,23,C,55,12,20.7,3.6,7.3,0.485,0.5,2,0.269,3,5.4,0.564,0.521,1.6,2.3,0.702,1.8,4.1,6,0.9,0.6,0.5,1.1,1.9,9.2,
Bol Bol,23,PF,70,33,21.5,3.7,6.8,0.546,0.4,1.6,0.265,3.3,5.2,0.633,0.577,1.2,1.5,0.759,1,4.8,5.8,1,0.4,1.2,1.6,1.3,9.1,
Taurean Prince,28,PF,54,4,22.1,3.3,7,0.467,1.4,3.6,0.381,1.9,3.4,0.557,0.565,1.2,1.4,0.844,0.3,2.2,2.4,1.6,0.5,0.3,1.3,2.3,9.1,
Daniel Gafford,24,C,78,47,20.6,3.7,5.1,0.732,0,0,,3.7,5.1,0.732,0.732,1.6,2.4,0.679,2.1,3.5,5.6,1.1,0.4,1.3,1.1,2.4,9,
Steven Adams,29,C,42,42,27,3.7,6.3,0.597,0,0,0,3.7,6.2,0.599,0.597,1.1,3.1,0.364,5.1,6.5,11.5,2.3,0.9,1.1,1.9,2.3,8.6,
Draymond Green,32,PF,73,73,31.5,3.4,6.5,0.527,0.5,1.8,0.305,2.9,4.7,0.612,0.57,1.1,1.5,0.713,0.9,6.3,7.2,6.8,1,0.8,2.8,3.1,8.5,
Dorian Finney-Smith,29,PF,66,66,30.4,3,7.6,0.391,1.7,5.1,0.337,1.2,2.5,0.503,0.505,0.7,0.9,0.763,1.7,3.1,4.8,1.5,0.8,0.5,0.9,2.2,8.3,
Dorian Finney-Smith,29,PF,40,40,32.2,3.2,7.8,0.416,1.9,5.4,0.355,1.3,2.3,0.559,0.54,0.8,1,0.75,1.7,3,4.7,1.5,1,0.5,0.9,2,9.1,
Dorian Finney-Smith,29,PF,26,26,27.7,2.6,7.3,0.351,1.4,4.7,0.306,1.2,2.7,0.429,0.448,0.6,0.7,0.789,1.8,3.1,4.9,1.6,0.7,0.6,1,2.5,7.2,
Georges Niang,29,PF,78,1,19.4,2.8,6.4,0.442,2,4.9,0.401,0.9,1.5,0.576,0.596,0.5,0.6,0.867,0.2,2.1,2.4,1,0.4,0.2,0.7,1.9,8.2,
Nick Richards,25,C,65,9,18.7,3,4.8,0.629,0,0,1,3,4.8,0.628,0.631,2.1,2.8,0.749,2.3,4.1,6.4,0.6,0.2,1.1,0.9,2.4,8.2,
Grant Williams,24,PF,79,23,25.9,2.7,6,0.454,1.5,3.7,0.395,1.3,2.3,0.546,0.575,1.2,1.5,0.77,1.1,3.5,4.6,1.7,0.5,0.4,1,2.4,8.1,
Kenrich Williams,28,PF,53,10,22.8,3.4,6.5,0.517,0.9,2.5,0.373,2.4,4,0.608,0.59,0.3,0.7,0.436,1.8,3.1,4.9,2,0.8,0.3,0.6,2.1,8,
Robert Williams,25,C,35,20,23.5,3.6,4.9,0.747,0,0,0,3.6,4.8,0.751,0.747,0.7,1.2,0.61,3,5.4,8.3,1.4,0.6,1.4,1,1.9,8,
Jarred Vanderbilt,23,PF,78,65,24.1,3.2,5.8,0.548,0.4,1.2,0.322,2.8,4.6,0.604,0.58,1.2,1.8,0.691,2.2,5.3,7.5,2.4,1.1,0.3,1.2,2.4,7.9,
Jarred Vanderbilt,23,PF,52,41,24.1,3.3,6,0.556,0.4,1.1,0.333,3,4.9,0.606,0.587,1.3,2,0.657,2.3,5.5,7.9,2.7,1,0.3,1.3,2.6,8.3,
Jarred Vanderbilt,23,PF,26,24,24,2.8,5.4,0.529,0.4,1.3,0.303,2.5,4.1,0.598,0.564,1.1,1.4,0.784,1.9,4.8,6.7,1.6,1.2,0.2,1.1,2.2,7.2,
Trey Lyles,27,PF,74,0,16.9,2.5,5.5,0.458,1.2,3.2,0.363,1.4,2.3,0.595,0.565,1.4,1.7,0.815,0.9,3.1,4.1,0.9,0.4,0.4,0.9,1.3,7.6,
T.J. Warren,29,PF,42,0,16.4,3.1,6.4,0.489,0.5,1.6,0.328,2.6,4.8,0.542,0.53,0.7,0.8,0.8,0.6,2.3,2.9,1,0.5,0.3,0.5,1.5,7.5,
T.J. Warren,29,PF,26,0,18.8,3.9,7.7,0.51,0.6,1.8,0.333,3.3,5.8,0.566,0.55,1,1.3,0.818,0.5,2.3,2.8,1.1,0.6,0.3,0.7,1.7,9.5,
Torrey Craig,32,PF,79,60,24.7,2.9,6.3,0.456,1.3,3.2,0.395,1.6,3.1,0.518,0.556,0.4,0.6,0.711,1.8,3.6,5.4,1.5,0.6,0.8,0.9,2.3,7.4,
Mitchell Robinson,24,C,59,58,27,3.2,4.7,0.671,0,0,,3.2,4.7,0.671,0.671,1,2.1,0.484,4.5,4.9,9.4,0.9,0.9,1.8,0.7,2.7,7.4,
Obi Toppin,24,PF,67,5,15.7,2.8,6.3,0.446,1.3,3.7,0.344,1.5,2.6,0.593,0.548,0.6,0.7,0.809,0.4,2.4,2.8,1,0.3,0.2,0.6,1,7.4,
Kevon Looney,26,C,82,70,23.9,3,4.7,0.63,0,0,0,3,4.7,0.632,0.63,1.1,1.9,0.606,3.3,5.9,9.3,2.5,0.6,0.6,0.5,2.7,7,
Xavier Tillman Sr.,24,C,61,29,19.3,3.1,5,0.614,0.1,0.2,0.267,3,4.8,0.632,0.621,0.8,1.5,0.551,2,3,5,1.6,1,0.5,0.7,1.6,7,
Jae Crowder,32,PF,18,3,18.9,2.5,5.2,0.479,1.3,3.1,0.436,1.2,2.2,0.538,0.606,0.6,0.7,0.833,0.9,2.9,3.8,1.5,0.7,0.3,0.4,1.5,6.9,
Willy Hernangómez,28,C,38,2,12.1,2.3,4.4,0.527,0.1,0.3,0.273,2.3,4.2,0.544,0.536,2.1,2.7,0.779,1.5,3.2,4.7,0.9,0.4,0.3,1,1.7,6.9,
Larry Nance Jr.,30,C,65,1,21.2,2.9,4.7,0.61,0.2,0.6,0.333,2.6,4,0.654,0.633,0.8,1.2,0.696,1.6,3.8,5.4,1.8,0.9,0.6,0.6,2,6.8,
Justise Winslow,26,PF,29,11,26.8,2.8,6.8,0.409,0.5,1.6,0.311,2.3,5.3,0.438,0.444,0.7,1,0.714,1.7,3.3,5,3.4,1,0.4,1.5,3.1,6.8,
Isaiah Livers,24,PF,52,22,23.1,2.3,5.5,0.417,1.4,3.9,0.365,0.9,1.6,0.541,0.545,0.6,0.8,0.821,0.5,2.2,2.8,0.8,0.5,0.5,0.6,2,6.7,
Dwight Powell,31,C,76,64,19.2,2.6,3.5,0.732,0,0.1,0,2.6,3.5,0.746,0.732,1.5,2.2,0.667,2,2.2,4.1,0.9,0.6,0.3,0.9,2.8,6.7,
Kevin Knox,23,PF,21,4,17.1,3.2,7.3,0.444,1,3.3,0.314,2.2,4,0.554,0.516,1,1.3,0.741,0.7,2.6,3.3,0.9,0.5,0,0.9,1,8.5,
Mo Bamba,24,C,49,7,15.7,2.4,4.9,0.485,1,2.5,0.387,1.4,2.4,0.59,0.585,0.8,1.3,0.661,1.2,3.4,4.6,0.9,0.3,0.9,0.6,2.1,6.6,
Mo Bamba,24,C,40,6,17,2.7,5.4,0.495,1.1,2.7,0.398,1.6,2.7,0.594,0.596,0.9,1.3,0.686,1.2,3.4,4.6,1.1,0.3,1,0.6,2.2,7.3,
Drew Eubanks,25,C,78,28,20.3,2.7,4.3,0.641,0.1,0.2,0.389,2.7,4.1,0.655,0.651,1.1,1.6,0.664,1.7,3.7,5.4,1.3,0.5,1.3,0.9,2.2,6.6,
Jock Landale,27,C,69,4,14.2,2.6,4.9,0.528,0.3,1.2,0.25,2.3,3.7,0.621,0.559,1.1,1.5,0.752,1.7,2.3,4.1,1,0.2,0.4,0.9,1.8,6.6,
Dario Šarić,28,C,57,12,14.1,2.2,4.9,0.458,0.8,2,0.391,1.4,2.8,0.506,0.54,1.1,1.3,0.829,0.9,2.7,3.6,1.3,0.4,0.1,1,1.7,6.4,
Dario Šarić,28,PF,37,12,14.4,2.1,4.8,0.427,0.7,1.9,0.391,1.3,2.9,0.45,0.503,1,1.2,0.818,1.1,2.8,3.8,1.5,0.4,0.1,1,1.9,5.8,
Dario Šarić,28,C,20,0,13.7,2.6,5,0.515,0.9,2.3,0.391,1.7,2.7,0.623,0.606,1.4,1.6,0.844,0.7,2.6,3.3,0.9,0.4,0.1,1,1.5,7.4,
JaMychal Green,32,PF,57,1,14,2.4,4.4,0.54,0.7,1.9,0.378,1.6,2.5,0.667,0.623,0.9,1.2,0.776,1.3,2.3,3.6,0.9,0.4,0.4,0.9,1.8,6.4,
Sandro Mamukelashvili,23,C,43,7,15.3,2.3,5.3,0.422,0.7,2.3,0.303,1.6,3,0.511,0.487,0.9,1.3,0.684,1.6,2.7,4.3,1.4,0.3,0.3,0.8,1.2,6.1,
Sandro Mamukelashvili,23,C,19,7,23.3,4.1,9.1,0.453,1.2,3.5,0.343,2.9,5.5,0.524,0.52,1.4,2.1,0.692,2.7,4.1,6.8,2.4,0.5,0.4,1.4,1.7,10.8,
Mike Muscala,31,C,63,9,15,2.1,4.6,0.449,1.3,3.3,0.391,0.8,1.3,0.588,0.587,0.6,0.8,0.769,0.6,2.6,3.2,0.8,0.2,0.4,0.4,1.6,6.1,
Mike Muscala,31,C,43,5,14.5,2.1,4.7,0.438,1.3,3.3,0.394,0.8,1.4,0.541,0.576,0.7,0.9,0.795,0.5,2.6,3.1,0.9,0.3,0.4,0.3,1.6,6.2,
Mike Muscala,31,C,20,4,16.2,2.1,4.5,0.472,1.3,3.3,0.385,0.9,1.2,0.708,0.612,0.5,0.7,0.692,0.7,2.7,3.4,0.6,0.2,0.3,0.5,1.4,5.9,
Oshae Brissett,24,PF,65,2,16.7,1.9,4.9,0.386,0.7,2.4,0.31,1.2,2.5,0.457,0.461,1.6,2.2,0.717,1,2.4,3.4,0.7,0.5,0.2,0.5,1.2,6.1,
Robert Covington,32,PF,48,0,16.2,2.1,4.8,0.445,1.1,2.8,0.397,1,1.9,0.516,0.563,0.6,0.8,0.75,0.6,2.8,3.5,1.2,0.8,0.7,0.7,1.8,6,
Andre Drummond,29,C,67,0,12.7,2.5,4.1,0.606,0,0,0,2.5,4,0.613,0.606,1,1.9,0.536,2.1,4.6,6.6,0.5,0.7,0.4,1.1,1.7,6,
Maxi Kleber,31,PF,37,5,25.1,2.1,4.6,0.456,1.1,3,0.348,1,1.5,0.667,0.571,0.7,1,0.711,0.8,2.8,3.6,1.4,0.3,0.8,0.7,2.3,5.9,
Montrezl Harrell,29,C,57,7,11.9,2.2,3.7,0.598,0,0.1,0,2.2,3.6,0.616,0.598,1.2,1.8,0.693,1.2,1.6,2.8,0.6,0.3,0.4,0.6,1.3,5.6,
Wenyen Gabriel,25,C,68,2,15.1,2.3,3.8,0.596,0.1,0.5,0.278,2.1,3.3,0.647,0.615,0.8,1.2,0.619,1.7,2.5,4.2,0.5,0.4,0.5,0.7,2.1,5.5,
Jamal Cain,23,PF,18,0,13.3,2.1,3.7,0.561,0.4,1.1,0.35,1.7,2.6,0.652,0.614,0.9,1.2,0.773,0.8,2.1,2.9,0.7,0.6,0.1,0.3,1.2,5.4,
Dewayne Dedmon,33,C,38,1,11.2,2,4,0.51,0.3,1,0.308,1.7,2.9,0.58,0.55,0.9,1.3,0.673,0.9,2.6,3.5,0.7,0.2,0.5,0.7,2,5.2,
Dewayne Dedmon,33,C,30,0,11.7,2.1,4.3,0.496,0.4,1.2,0.297,1.8,3.1,0.576,0.539,1.1,1.5,0.727,0.9,2.7,3.6,0.5,0.2,0.5,0.6,2,5.7,
Vlatko Čančar,25,PF,60,9,14.8,1.8,3.8,0.476,0.7,1.9,0.374,1.1,1.9,0.58,0.57,0.6,0.7,0.927,0.4,1.7,2.1,1.3,0.4,0.2,0.6,1.4,5,
Isaiah Hartenstein,24,C,82,8,19.8,2.1,4,0.535,0.1,0.5,0.216,2,3.5,0.576,0.547,0.6,0.9,0.676,2.5,4,6.5,1.2,0.6,0.8,0.8,2.6,5,
Derrick Jones Jr.,25,PF,64,0,14,1.8,3.6,0.5,0.4,1.3,0.338,1.4,2.3,0.587,0.559,1,1.3,0.738,0.9,1.5,2.4,0.5,0.5,0.6,0.4,1.3,5,
Chimezie Metu,25,PF,66,0,10.4,2,3.3,0.589,0.1,0.6,0.237,1.8,2.7,0.663,0.61,0.8,1.1,0.74,0.7,2.3,3,0.6,0.3,0.3,0.5,1.2,4.9,
Dean Wade,26,PF,44,13,20.3,1.7,4,0.412,1,2.9,0.354,0.6,1.1,0.56,0.54,0.3,0.5,0.652,0.5,3,3.4,0.8,0.6,0.5,0.4,2,4.7,
Dāvis Bertāns,30,PF,45,1,10.9,1.5,3.6,0.431,1.2,3.1,0.39,0.3,0.4,0.737,0.603,0.3,0.3,0.867,0.2,1,1.2,0.5,0.2,0.2,0.2,1.2,4.6,
Goga Bitadze,23,C,38,1,12,1.8,3.3,0.552,0.2,0.7,0.231,1.7,2.6,0.636,0.576,0.6,1.1,0.548,1.6,2,3.6,1,0.4,0.7,0.6,1.7,4.4,
Goga Bitadze,23,C,17,1,15,2.5,4.3,0.575,0.1,0.7,0.167,2.4,3.6,0.656,0.589,0.7,1.1,0.667,2.1,3.1,5.2,1.2,0.4,0.9,0.6,1.8,5.8,
Haywood Highsmith,26,PF,54,11,17.9,1.7,4,0.431,0.7,2,0.339,1,2,0.523,0.516,0.2,0.5,0.464,1.1,2.4,3.5,0.8,0.7,0.3,0.8,1.5,4.4,
Naz Reid,25,C,63,16,28,5.5,11.8,0.464,2.3,5.9,0.389,3.2,6,0.537,0.56,1.6,2,0.792,1.2,5,6.2,2.2,0.8,0.9,1.3,2.4,14.8,